loop_levels,nb_operands,nb_var,nb_constant,data_type,nb_add_int,nb_add_int_total,nb_sub_int,nb_sub_int_total,nb_mul_int,nb_mul_int_total,nb_access_int,it_data_loaded,it_data_loaded,it_data_loaded,it_data_loaded,Iterator_span,Iterator_span,Iterator_span,Iterator_span,Iterator_span,Iterator_span,Iterator_span
3,6,7,1,0,1,17576,1,17576,1,17576,3,18928,1378,78,NULL,26,26,26,NULL,NULL,NULL,NULL
3,4,7,0,0,1,17576,0,0,1,17576,3,18928,1378,78,NULL,26,26,26,NULL,NULL,NULL,NULL
3,8,8,1,0,2,27648,1,13824,1,13824,3,14424,1176,72,NULL,24,24,24,NULL,NULL,NULL,NULL
3,8,8,1,0,2,27648,1,13824,1,13824,3,14424,1176,72,NULL,24,24,24,NULL,NULL,NULL,NULL
4,8,9,1,0,2,27648,1,13824,1,13824,3,14424,1176,72,2,24,24,24,1,NULL,NULL,NULL
3,6,7,1,0,1,16711680,1,16711680,1,16711680,3,16842240,130815,765,NULL,256,256,255,NULL,NULL,NULL,NULL
3,8,8,1,0,2,32645096,1,16322548,1,16322548,3,16387063,128777,759,NULL,254,254,253,NULL,NULL,NULL,NULL
3,4,7,0,0,1,27,0,0,1,27,3,45,21,9,NULL,3,3,3,NULL,NULL,NULL,NULL
3,6,7,1,0,1,27,1,27,1,27,3,45,21,9,NULL,3,3,3,NULL,NULL,NULL,NULL
3,6,7,1,0,1,27,1,27,1,27,3,45,21,9,NULL,3,3,3,NULL,NULL,NULL,NULL
3,6,7,1,0,1,27,1,27,1,27,3,45,21,9,NULL,3,3,3,NULL,NULL,NULL,NULL
3,6,7,1,0,1,27,1,27,1,27,3,45,21,9,NULL,3,3,3,NULL,NULL,NULL,NULL
3,6,7,1,0,1,27,1,27,1,27,3,45,21,9,NULL,3,3,3,NULL,NULL,NULL,NULL
3,6,7,1,0,1,27,1,27,1,27,3,45,21,9,NULL,3,3,3,NULL,NULL,NULL,NULL
3,6,7,1,0,1,27,1,27,1,27,3,45,21,9,NULL,3,3,3,NULL,NULL,NULL,NULL
3,6,7,1,0,1,27,1,27,1,27,3,45,21,9,NULL,3,3,3,NULL,NULL,NULL,NULL
3,6,7,1,0,1,27,1,27,1,27,3,45,21,9,NULL,3,3,3,NULL,NULL,NULL,NULL
3,6,7,1,0,1,27,1,27,1,27,3,45,21,9,NULL,3,3,3,NULL,NULL,NULL,NULL
3,6,7,1,0,1,27,1,27,1,27,3,45,21,9,NULL,3,3,3,NULL,NULL,NULL,NULL
3,6,7,1,0,1,27,1,27,1,27,3,45,21,9,NULL,3,3,3,NULL,NULL,NULL,NULL
3,6,7,1,0,1,27,1,27,1,27,3,45,21,9,NULL,3,3,3,NULL,NULL,NULL,NULL
3,6,7,1,0,1,27,1,27,1,27,3,45,21,9,NULL,3,3,3,NULL,NULL,NULL,NULL
3,6,7,1,0,1,27,1,27,1,27,3,45,21,9,NULL,3,3,3,NULL,NULL,NULL,NULL
3,6,7,1,0,1,27,1,27,1,27,3,45,21,9,NULL,3,3,3,NULL,NULL,NULL,NULL
3,6,7,1,0,1,27,1,27,1,27,3,45,21,9,NULL,3,3,3,NULL,NULL,NULL,NULL
3,6,7,1,0,1,27,1,27,1,27,3,45,21,9,NULL,3,3,3,NULL,NULL,NULL,NULL
3,6,7,1,0,1,27,1,27,1,27,3,45,21,9,NULL,3,3,3,NULL,NULL,NULL,NULL
3,6,7,1,0,1,36,1,36,1,36,3,60,28,12,NULL,3,3,4,NULL,NULL,NULL,NULL
3,6,7,1,0,1,27,1,27,1,27,3,45,21,9,NULL,3,3,3,NULL,NULL,NULL,NULL
3,6,7,1,0,1,27,1,27,1,27,3,45,21,9,NULL,3,3,3,NULL,NULL,NULL,NULL
3,6,7,1,0,1,27,1,27,1,27,3,45,21,9,NULL,3,3,3,NULL,NULL,NULL,NULL
3,6,7,1,0,1,27,1,27,1,27,3,45,21,9,NULL,3,3,3,NULL,NULL,NULL,NULL
3,6,7,1,0,1,27,1,27,1,27,3,45,21,9,NULL,3,3,3,NULL,NULL,NULL,NULL
3,6,7,1,0,1,27,1,27,1,27,3,45,21,9,NULL,3,3,3,NULL,NULL,NULL,NULL
3,6,7,1,0,1,27,1,27,1,27,3,45,21,9,NULL,3,3,3,NULL,NULL,NULL,NULL
3,0,0,1,0,0,0,0,0,0,0,0,0,0,0,NULL,3,3,3,NULL,NULL,NULL,NULL
3,2,4,0,0,0,0,0,0,1,27,2,18,12,6,NULL,3,3,3,NULL,NULL,NULL,NULL
3,6,7,1,0,1,27,1,27,1,27,3,45,21,9,NULL,3,3,3,NULL,NULL,NULL,NULL
3,4,6,0,0,1,27,0,0,1,27,3,27,15,6,NULL,3,3,3,NULL,NULL,NULL,NULL
3,4,6,0,0,1,27,0,0,1,27,3,27,15,6,NULL,3,3,3,NULL,NULL,NULL,NULL
3,4,6,0,0,1,27,0,0,1,27,3,27,15,6,NULL,3,3,3,NULL,NULL,NULL,NULL
3,4,6,0,0,1,27,0,0,1,27,3,27,15,6,NULL,3,3,3,NULL,NULL,NULL,NULL
3,4,6,0,0,1,16777216,0,0,1,16777216,3,196608,66048,512,NULL,256,256,256,NULL,NULL,NULL,NULL
3,4,6,0,0,1,27,0,0,1,27,3,27,15,6,NULL,3,3,3,NULL,NULL,NULL,NULL
5,4,6,0,0,1,27,0,0,1,27,3,27,15,6,NULL,0,0,64,64,3,NULL,NULL
5,4,6,0,0,1,27,0,0,1,27,3,27,15,6,NULL,0,0,64,64,3,NULL,NULL
3,4,6,0,0,1,27,0,0,1,27,3,27,15,6,NULL,3,3,3,NULL,NULL,NULL,NULL
5,4,6,0,0,1,27,0,0,1,27,3,27,15,6,NULL,0,0,64,64,3,NULL,NULL
6,4,6,0,0,1,27,0,0,1,27,3,27,15,6,NULL,0,0,0,64,64,64,NULL
3,4,6,0,0,1,27,0,0,1,27,3,27,15,6,NULL,3,3,3,NULL,NULL,NULL,NULL
3,4,6,0,0,1,27,0,0,1,27,3,27,15,6,NULL,3,3,3,NULL,NULL,NULL,NULL
3,4,6,0,0,1,27,0,0,1,27,3,27,15,6,NULL,3,3,3,NULL,NULL,NULL,NULL
3,4,6,0,0,1,27,0,0,1,27,3,27,15,6,NULL,3,3,3,NULL,NULL,NULL,NULL
3,4,6,0,0,1,27,0,0,1,27,3,27,15,6,NULL,3,3,3,NULL,NULL,NULL,NULL
3,6,8,0,0,2,54,0,0,1,27,4,36,18,6,NULL,3,3,3,NULL,NULL,NULL,NULL
3,6,8,0,0,2,54,0,0,1,27,4,36,18,6,NULL,3,3,3,NULL,NULL,NULL,NULL
3,4,6,0,0,1,27,0,0,1,27,3,27,15,6,NULL,3,3,3,NULL,NULL,NULL,NULL
3,6,8,0,0,2,54,0,0,1,27,4,36,18,6,NULL,3,3,3,NULL,NULL,NULL,NULL
3,4,6,0,0,1,27,0,0,1,27,3,27,15,6,NULL,3,3,3,NULL,NULL,NULL,NULL
3,4,6,0,0,1,27,0,0,1,27,3,27,15,6,NULL,3,3,3,NULL,NULL,NULL,NULL
3,4,6,0,0,1,1073741824,0,0,1,1073741824,3,3145728,1050624,2048,NULL,1024,1024,1024,NULL,NULL,NULL,NULL
3,4,6,0,0,1,1073741824,0,0,1,1073741824,3,3145728,1050624,2048,NULL,1024,1024,1024,NULL,NULL,NULL,NULL
3,4,6,0,0,1,64,0,0,1,64,3,48,24,8,NULL,4,4,4,NULL,NULL,NULL,NULL
3,4,6,0,0,1,64,0,0,1,64,3,48,24,8,NULL,4,4,4,NULL,NULL,NULL,NULL
6,4,6,0,0,1,64,0,0,1,64,3,48,24,8,NULL,1,1,1,4,4,4,NULL
6,4,6,0,0,1,64,0,0,1,64,3,48,24,8,NULL,1,1,1,4,4,4,NULL
3,4,6,0,0,1,64,0,0,1,64,3,48,24,8,NULL,4,4,4,NULL,NULL,NULL,NULL
3,4,6,0,0,1,4096,0,0,1,4096,3,768,288,32,NULL,16,16,16,NULL,NULL,NULL,NULL
3,4,6,0,0,1,512,0,0,1,512,3,192,80,16,NULL,8,8,8,NULL,NULL,NULL,NULL
3,4,6,0,0,1,4096,0,0,1,4096,3,768,288,32,NULL,16,16,16,NULL,NULL,NULL,NULL
5,4,6,0,0,1,4096,0,0,1,4096,3,768,288,32,NULL,4,4,4,4,16,NULL,NULL
5,4,6,0,0,1,4096,0,0,1,4096,3,768,288,32,NULL,4,4,4,4,16,NULL,NULL
5,4,6,0,0,1,4096,0,0,1,4096,3,768,288,32,NULL,4,4,4,4,16,NULL,NULL
5,4,6,0,0,1,4096,0,0,1,4096,3,768,288,32,NULL,4,4,4,4,16,NULL,NULL
5,4,6,0,0,1,4096,0,0,1,4096,3,768,288,32,NULL,4,4,4,4,16,NULL,NULL
5,4,6,0,0,1,4096,0,0,1,4096,3,768,288,32,NULL,4,4,4,4,16,NULL,NULL
5,4,6,0,0,1,4096,0,0,1,4096,3,768,288,32,NULL,4,4,4,4,16,NULL,NULL
5,4,6,0,0,1,4096,0,0,1,4096,3,768,288,32,NULL,8,8,2,2,16,NULL,NULL
5,4,6,0,0,1,4096,0,0,1,4096,3,768,288,32,NULL,8,8,2,2,16,NULL,NULL
5,4,6,0,0,1,16777216,0,0,1,16777216,3,196608,66048,512,NULL,128,128,2,2,256,NULL,NULL
3,4,6,0,0,1,16777216,0,0,1,16777216,3,196608,66048,512,NULL,256,256,256,NULL,NULL,NULL,NULL
3,4,6,0,0,1,16777216,0,0,1,16777216,3,196608,66048,512,NULL,256,256,256,NULL,NULL,NULL,NULL
3,4,6,0,0,1,16777216,0,0,1,16777216,3,196608,66048,512,NULL,256,256,256,NULL,NULL,NULL,NULL
3,4,6,0,0,1,16777216,0,0,1,16777216,3,196608,66048,512,NULL,256,256,256,NULL,NULL,NULL,NULL
3,4,6,0,0,1,16777216,0,0,1,16777216,3,196608,66048,512,NULL,256,256,256,NULL,NULL,NULL,NULL
5,4,6,0,0,1,16777216,0,0,1,16777216,3,196608,66048,512,NULL,128,128,2,2,256,NULL,NULL
5,4,6,0,0,1,16777216,0,0,1,16777216,3,196608,66048,512,NULL,128,128,2,2,256,NULL,NULL
5,4,6,0,0,1,16777216,0,0,1,16777216,3,196608,66048,512,NULL,128,128,2,2,256,NULL,NULL
